{
  "id": "n_144687",
  "generation": 4,
  "age": 17,
  "weights": [
    0.2883057473281655,
    1.305117443747359
  ],
  "bias": -0.7176702975495072,
  "error_history": [
    0.021993396501088447,
    0.3123656464356186,
    0.3529137207812202,
    0.3464771972750935,
    0.3925926190322218,
    0.4250667824820995,
    0.618454096992952,
    0.02245005022496671,
    0.3120448681735448,
    0.35340474167031777,
    0.3434003530463414,
    0.3882841342606611,
    0.42379576091576454,
    0.6167786798749112,
    0.02185724900006536,
    0.3086322098899035,
    0.3487507572426333,
    0.33995265627597393,
    0.383912006350735,
    0.42243416067904827
  ],
  "quarantine_count": 0
}