{
  "id": "n_227073",
  "generation": 4,
  "age": 24,
  "weights": [
    1.3372381065589494,
    1.800772720813602
  ],
  "bias": -1.537433498588068,
  "error_history": [
    0.005652466494764419,
    0.2248811358853815,
    0.21806955388254298,
    0.26587308494060136,
    0.26223357239539025,
    0.39479685988222224,
    0.5577741926553482,
    0.0041967468073415,
    0.22335364245107225,
    0.2185837587246417,
    0.2710679020228113,
    0.258289305254404,
    0.40020804891761175,
    0.5505746646678779,
    0.00953141355455911,
    0.2279362037151874,
    0.2154967830865585,
    0.26544746260779384,
    0.2601901830989532,
    0.3946248425134016
  ],
  "quarantine_count": 0
}