{
  "id": "n_242474",
  "generation": 3,
  "age": 38,
  "weights": [
    0.9657530560480305,
    1.658898632283827
  ],
  "bias": -1.0008865788459154,
  "error_history": [
    0.01803347344647177,
    0.2537065462375284,
    0.2828698872851577,
    0.28930390405544715,
    0.32982525518056977,
    0.39614243112285885,
    0.6036194946807412,
    0.02087689022353989,
    0.25094467004019383,
    0.28458395966432853,
    0.2876237298971215,
    0.32571709289999956,
    0.3958809479833437,
    0.6013119235467369,
    0.01954204934021575,
    0.24898130148250663,
    0.28047561386480974,
    0.2837727085714836,
    0.3241044710394218,
    0.39305519100578723
  ],
  "quarantine_count": 0
}