{
  "id": "n_333533",
  "generation": 4,
  "age": 17,
  "weights": [
    1.1631429206675679,
    1.5556985741545588
  ],
  "bias": -1.1366748849479327,
  "error_history": [
    0.006092032970572259,
    0.2489610133125164,
    0.25961890418891387,
    0.2841411743648924,
    0.3053088804644785,
    0.3980148511014896,
    0.5832069694528988,
    0.010280908445505887,
    0.2443038029225204,
    0.2610518078984183,
    0.28409116208623675,
    0.3027660453736308,
    0.3987801667568036,
    0.5828623912379244,
    0.008949157285436438,
    0.24389573367327355,
    0.25841636331824086,
    0.283464215535956,
    0.30033637996833834,
    0.399104952477504
  ],
  "quarantine_count": 0
}