{
  "id": "n_632981",
  "generation": 4,
  "age": 3,
  "weights": [
    -0.11913273744127335,
    1.2434809753863627
  ],
  "bias": -0.4695424276845333,
  "error_history": [
    0.0035312285232445006,
    0.3753244397928054,
    0.3850271362287984,
    0.3948081420826799,
    0.4183306448186654,
    0.4541668268027441,
    0.6084249489764239,
    0.010827995013394598,
    0.3630735062128596,
    0.3859213876788423,
    0.3856611914151574,
    0.41771077017973,
    0.4476352925392315,
    0.6122976750670733,
    0.015041786963725934,
    0.3538403468270638,
    0.384180614936407,
    0.3819630517110515,
    0.41999750016858767,
    0.44438428799865304
  ],
  "quarantine_count": 0
}