{
  "id": "n_654385",
  "generation": 4,
  "age": 24,
  "weights": [
    0.7415335956087075,
    1.6388178729625917
  ],
  "bias": -1.0150376157527126,
  "error_history": [
    0.012969741294101889,
    0.28978326309034463,
    0.3123977059971914,
    0.31752703447397246,
    0.35815264932237206,
    0.4115580296796867,
    0.612885246298022,
    0.02052078359563969,
    0.28037296237009757,
    0.31498714359689356,
    0.3184255746258514,
    0.3549965591043684,
    0.4132192822622117,
    0.6111784007764481,
    0.01834295516642903,
    0.28081464099989684,
    0.31188138190541476,
    0.3183446425798855,
    0.3527479433242857,
    0.41394052641030543
  ],
  "quarantine_count": 0
}