{
  "id": "n_758863",
  "generation": 4,
  "age": 3,
  "weights": [
    -0.3556279869578521,
    1.169445196787984
  ],
  "bias": -0.4290855293977741,
  "error_history": [
    0.06472164671451663,
    0.49027140599485386,
    0.37002237732513027,
    0.5047040667739664,
    0.390286077338896,
    0.5401405135529622,
    0.5423472955039332,
    0.05564240790504371,
    0.4717161438518723,
    0.36948605545891,
    0.4877111862074027,
    0.4014530738398073,
    0.5250821158655947,
    0.5554015540212682,
    0.042159745924489955,
    0.45562585734635563,
    0.3794460589868784,
    0.472452149037223,
    0.4091592551801246,
    0.5123494440364373
  ],
  "quarantine_count": 0
}