{
  "id": "n_845252",
  "generation": 3,
  "age": 31,
  "weights": [
    1.3548905850818902,
    1.6370063281189566
  ],
  "bias": -1.4514111937805587,
  "error_history": [
    0.004096894163907461,
    0.2306109332761005,
    0.23706007127412201,
    0.2752841758726222,
    0.2803195136605966,
    0.39778032428136556,
    0.5724651325115003,
    0.0013358581489197885,
    0.23346378261769674,
    0.23589034094295142,
    0.2751378389893965,
    0.2782591976488787,
    0.39821454572074366,
    0.5706192434620937,
    0.00022144644689114923,
    0.2331604604538534,
    0.2339646610383311,
    0.2756145286750771,
    0.27723483694703976,
    0.398900570890966
  ],
  "quarantine_count": 0
}