{
  "id": "n_866040",
  "generation": 2,
  "age": 14,
  "weights": [
    1.4614457360141428,
    1.5011854646920426
  ],
  "bias": -1.4942817196789677,
  "error_history": [
    0.2539689589874374,
    0.39459578459017397,
    0.5463370744881741,
    0.00784590418005815,
    0.2207184515075329,
    0.2112586841947307,
    0.2596354406841995,
    0.2618689092002316,
    0.3883332288333704,
    0.549783021167573,
    0.0006214540373905564,
    0.21855286790005957,
    0.21875991929396568,
    0.2593882651191791,
    0.25834376656475005,
    0.38933483777422373,
    0.5487315398931126,
    0.0026341849888375513,
    0.21786338673539896,
    0.21529450227916022
  ],
  "quarantine_count": 0
}